<?xml version="1.0" encoding="UTF-8"?>
<addon id="plugin.video.sl" version="1.7.2" name="Direct One Live TV" provider-name="Pityke1105, Sorien, cache-sk">
<requires>
  <import addon="xbmc.python" version="3.0.0"/>
  <import addon="script.module.requests" version="2.18.4"/>
  <import addon="script.module.inputstreamhelper" version="0.3.3"/>
</requires>
<extension point="xbmc.python.pluginsource" library="main.py">
  <provides>video</provides>
</extension>
<extension point="xbmc.service" library="service.py"/>
<extension point="xbmc.addon.metadata">
  <reuselanguageinvoker>true</reuselanguageinvoker>
  <summary lang="en">Direct One Live TV Addon</summary>
  <description lang="en">PVR playlist and EPG generator for Direct One Live TV Service</description>
  <description lang="hu_hu">PVR lejátszási lista és EPG generátor Direct One Live TV-hez</description>
  <license>MIT</license>
  <source>https://github.com/Pityke1105/plugin.video.sl</source>
  <news>
[B]1.7.2 Direct One HU[/B]
- Direct one modifications
[B]1.7.1[/B]
- generating epg into the past for catchup, default 0
- Matrix skin blocking
- enable skipping for the first three minutes when using "play from here" in the classic archive, default true
- categories in the library
[B]1.7.0[/B]
- support for Kodi 19, including catchup, thanks to panda7789
[B]1.6.7[/B]
- category generation fix in EPG
- fix url on session previews
[B]1.6.6 UPC Direct HU[/B]
- Identical with 1.6.6 but modified to UPC Direct Live TV (HU) instead of Skylink (CZ/SK)
- Slovakian and czech localization removed, hungarian added
- Operator selection (Skylink CZ or Skylink SK) removed, Direct One is hard-coded
[B]1.6.6[/B]
- pridanie seriesNo/episodeNo do xmltv
[B]1.6.5[/B]
- kolmpatibilita s Kodi Matrix a Python 3.x
[B]1.6.3[/B]
- moznost automatickeho nastavenia PVR IPTV Simple Client-a z nastaveni pluinu
[B]1.6.2[/B]
- fix chyby pri expirovanom predplatnom
- optimalizovany archiv (predlzenie o posledne programy)
[B]1.6.1[/B]
- alfa verzia kniznice
[B]1.6.0[/B]
- zmena api nazad na sl domenu
- drobne fixy s nahladmi
- pridanie prototypu kniznice
[B]1.5.0[/B]
- pridanie actor/writer/producer/director do xmltv
[B]1.4.1[/B]
- upravy pre novu verziu Solocoo API
[B]1.3.0[/B]
- pridana funkcionalita na skopirovanie a upravu skinu Estuary a Confluence v nastaveniach
- pridanie kratkeho epg aj do listu live vo video doplnku
- presunutie video doplnku, aby sa zobrazoval nie v sluzbach ale vo video doplnkoch
[B]1.2.4[/B]
- pridane zanre
- oprava casu v EPG
[B]1.2.2[/B]
- Live TV aj ako sucast video doplnku (pre ludi, ktorym blbne/nejde/nechce cez m3u a iptv simple), treba zapnut cez nastavenia, improvizovane EPG cez "plot"
- moznost vypnut generovanie M3U - nezastavi service ako taky, len nebude nic generovat
[B]1.2.1[/B]
- Tuning loga stanic - moznosti nastavenia pre archiv, moznost pouzit loga zo stranky live, aj pre live playlist
- Moznost obmedzenia vyberu zariadeni len na prehliadace (aby to neodhlasovalo z telefonu ci TV)
- Moznost nastavenia aby negenerovalo / nezobrazovalo stanice ktore su pin protected
- Pytanie PIN kodu na staniciach, ktore su pin protected
- Fix vyberu zariadeni v archive
- Fix lokalizacnych unicode chyb pri hlaskach
- Fix neulozenia nastaveni, ked je service v prevadzke

[B]1.2.0[/B]
- Pridanie archivu vo video doplnkoch

[B]1.0.1[/B]
- Pridanie moznosti pouzit najstarsie zariadenie ak ziadne zariadenie nie je dostupne

[B]1.0.0[/B]
- Opravy
  </news>
  <assets>
    <icon>icon.png</icon>
    <screenshot>resources\screenshots\1.jpg</screenshot>
    <screenshot>resources\screenshots\2.jpg</screenshot>
    <screenshot>resources\screenshots\3.jpg</screenshot>
  </assets>
</extension>
</addon>
